"filename", "language", "Python", "pip requirements", "Markdown", "JavaScript", "YAML", "Properties", "Docker", "Ini", "PlantUML", "comment", "blank", "total"
"c:\Users\ludok\Documents\ETS\Été2025\LOG430 - Architecture logicielle\LOG430-Lab0\.github\workflows\pipeline.yml", "YAML", 0, 0, 0, 0, 71, 0, 0, 0, 0, 0, 21, 92
"c:\Users\ludok\Documents\ETS\Été2025\LOG430 - Architecture logicielle\LOG430-Lab0\.pylintrc", "Ini", 0, 0, 0, 0, 0, 0, 0, 24, 0, 0, 6, 30
"c:\Users\ludok\Documents\ETS\Été2025\LOG430 - Architecture logicielle\LOG430-Lab0\Dockerfile", "Docker", 0, 0, 0, 0, 0, 0, 9, 0, 0, 6, 9, 24
"c:\Users\ludok\Documents\ETS\Été2025\LOG430 - Architecture logicielle\LOG430-Lab0\README.md", "Markdown", 0, 0, 204, 0, 0, 0, 0, 0, 0, 0, 114, 318
"c:\Users\ludok\Documents\ETS\Été2025\LOG430 - Architecture logicielle\LOG430-Lab0\api\__init__.py", "Python", 0, 0, 0, 0, 0, 0, 0, 0, 0, 0, 1, 1
"c:\Users\ludok\Documents\ETS\Été2025\LOG430 - Architecture logicielle\LOG430-Lab0\api\auth.py", "Python", 10, 0, 0, 0, 0, 0, 0, 0, 0, 0, 4, 14
"c:\Users\ludok\Documents\ETS\Été2025\LOG430 - Architecture logicielle\LOG430-Lab0\api\reporting_routes.py", "Python", 25, 0, 0, 0, 0, 0, 0, 0, 0, 20, 9, 54
"c:\Users\ludok\Documents\ETS\Été2025\LOG430 - Architecture logicielle\LOG430-Lab0\api\restock_routes.py", "Python", 23, 0, 0, 0, 0, 0, 0, 0, 0, 21, 8, 52
"c:\Users\ludok\Documents\ETS\Été2025\LOG430 - Architecture logicielle\LOG430-Lab0\api\schemas.py", "Python", 27, 0, 0, 0, 0, 0, 0, 0, 0, 0, 6, 33
"c:\Users\ludok\Documents\ETS\Été2025\LOG430 - Architecture logicielle\LOG430-Lab0\api\stock_route.py", "Python", 50, 0, 0, 0, 0, 0, 0, 0, 0, 28, 12, 90
"c:\Users\ludok\Documents\ETS\Été2025\LOG430 - Architecture logicielle\LOG430-Lab0\data_access_layer\__init__.py", "Python", 0, 0, 0, 0, 0, 0, 0, 0, 0, 0, 1, 1
"c:\Users\ludok\Documents\ETS\Été2025\LOG430 - Architecture logicielle\LOG430-Lab0\data_access_layer\database.py", "Python", 8, 0, 0, 0, 0, 0, 0, 0, 0, 5, 6, 19
"c:\Users\ludok\Documents\ETS\Été2025\LOG430 - Architecture logicielle\LOG430-Lab0\data_access_layer\init_db.py", "Python", 5, 0, 0, 0, 0, 0, 0, 0, 0, 1, 3, 9
"c:\Users\ludok\Documents\ETS\Été2025\LOG430 - Architecture logicielle\LOG430-Lab0\data_access_layer\models.py", "Python", 30, 0, 0, 0, 0, 0, 0, 0, 0, 5, 11, 46
"c:\Users\ludok\Documents\ETS\Été2025\LOG430 - Architecture logicielle\LOG430-Lab0\data_access_layer\product_dao.py", "Python", 41, 0, 0, 0, 0, 0, 0, 0, 0, 11, 16, 68
"c:\Users\ludok\Documents\ETS\Été2025\LOG430 - Architecture logicielle\LOG430-Lab0\data_access_layer\schema.py", "Python", 28, 0, 0, 0, 0, 0, 0, 0, 0, 5, 5, 38
"c:\Users\ludok\Documents\ETS\Été2025\LOG430 - Architecture logicielle\LOG430-Lab0\data_access_layer\seed_db.py", "Python", 28, 0, 0, 0, 0, 0, 0, 0, 0, 3, 5, 36
"c:\Users\ludok\Documents\ETS\Été2025\LOG430 - Architecture logicielle\LOG430-Lab0\docker-compose.yaml", "YAML", 0, 0, 0, 0, 59, 0, 0, 0, 0, 0, 10, 69
"c:\Users\ludok\Documents\ETS\Été2025\LOG430 - Architecture logicielle\LOG430-Lab0\docs\ADR\ADR-BD.md", "Markdown", 0, 0, 14, 0, 0, 0, 0, 0, 0, 0, 9, 23
"c:\Users\ludok\Documents\ETS\Été2025\LOG430 - Architecture logicielle\LOG430-Lab0\docs\ADR\ADR-Separation.md", "Markdown", 0, 0, 15, 0, 0, 0, 0, 0, 0, 0, 9, 24
"c:\Users\ludok\Documents\ETS\Été2025\LOG430 - Architecture logicielle\LOG430-Lab0\docs\UML\class_diagram.puml", "PlantUML", 0, 0, 0, 0, 0, 0, 0, 0, 41, 0, 9, 50
"c:\Users\ludok\Documents\ETS\Été2025\LOG430 - Architecture logicielle\LOG430-Lab0\docs\UML\deployment.puml", "PlantUML", 0, 0, 0, 0, 0, 0, 0, 0, 24, 0, 6, 30
"c:\Users\ludok\Documents\ETS\Été2025\LOG430 - Architecture logicielle\LOG430-Lab0\docs\UML\implementation.puml", "PlantUML", 0, 0, 0, 0, 0, 0, 0, 0, 32, 0, 10, 42
"c:\Users\ludok\Documents\ETS\Été2025\LOG430 - Architecture logicielle\LOG430-Lab0\docs\UML\sequence_diagrams\annulation_vente.puml", "PlantUML", 0, 0, 0, 0, 0, 0, 0, 0, 12, 0, 1, 13
"c:\Users\ludok\Documents\ETS\Été2025\LOG430 - Architecture logicielle\LOG430-Lab0\docs\UML\sequence_diagrams\enregistrer_vente.puml", "PlantUML", 0, 0, 0, 0, 0, 0, 0, 0, 11, 0, 1, 12
"c:\Users\ludok\Documents\ETS\Été2025\LOG430 - Architecture logicielle\LOG430-Lab0\docs\UML\sequence_diagrams\recherche_produit.puml", "PlantUML", 0, 0, 0, 0, 0, 0, 0, 0, 10, 0, 1, 11
"c:\Users\ludok\Documents\ETS\Été2025\LOG430 - Architecture logicielle\LOG430-Lab0\docs\UML\sequence_diagrams\restock.puml", "PlantUML", 0, 0, 0, 0, 0, 0, 0, 0, 19, 0, 4, 23
"c:\Users\ludok\Documents\ETS\Été2025\LOG430 - Architecture logicielle\LOG430-Lab0\docs\UML\sequence_diagrams\tableau_de_bord.puml", "PlantUML", 0, 0, 0, 0, 0, 0, 0, 0, 17, 0, 4, 21
"c:\Users\ludok\Documents\ETS\Été2025\LOG430 - Architecture logicielle\LOG430-Lab0\docs\UML\sequence_diagrams\voir_stock.puml", "PlantUML", 0, 0, 0, 0, 0, 0, 0, 0, 12, 0, 1, 13
"c:\Users\ludok\Documents\ETS\Été2025\LOG430 - Architecture logicielle\LOG430-Lab0\docs\UML\use_cases.puml", "PlantUML", 0, 0, 0, 0, 0, 0, 0, 0, 22, 0, 5, 27
"c:\Users\ludok\Documents\ETS\Été2025\LOG430 - Architecture logicielle\LOG430-Lab0\hello_world.py", "Python", 20, 0, 0, 0, 0, 0, 0, 0, 0, 5, 7, 32
"c:\Users\ludok\Documents\ETS\Été2025\LOG430 - Architecture logicielle\LOG430-Lab0\k6\test_consultation_stock.js", "JavaScript", 0, 0, 0, 16, 0, 0, 0, 0, 0, 0, 3, 19
"c:\Users\ludok\Documents\ETS\Été2025\LOG430 - Architecture logicielle\LOG430-Lab0\k6\test_maj_produits.js", "JavaScript", 0, 0, 0, 54, 0, 0, 0, 0, 0, 2, 12, 68
"c:\Users\ludok\Documents\ETS\Été2025\LOG430 - Architecture logicielle\LOG430-Lab0\k6\test_rapport_consolide.js", "JavaScript", 0, 0, 0, 13, 0, 0, 0, 0, 0, 0, 3, 16
"c:\Users\ludok\Documents\ETS\Été2025\LOG430 - Architecture logicielle\LOG430-Lab0\k6\test_stress.js", "JavaScript", 0, 0, 0, 37, 0, 0, 0, 0, 0, 0, 9, 46
"c:\Users\ludok\Documents\ETS\Été2025\LOG430 - Architecture logicielle\LOG430-Lab0\logger.py", "Python", 7, 0, 0, 0, 0, 0, 0, 0, 0, 1, 4, 12
"c:\Users\ludok\Documents\ETS\Été2025\LOG430 - Architecture logicielle\LOG430-Lab0\nginx.conf", "Properties", 0, 0, 0, 0, 0, 20, 0, 0, 0, 0, 5, 25
"c:\Users\ludok\Documents\ETS\Été2025\LOG430 - Architecture logicielle\LOG430-Lab0\presentation_layer\__init__.py", "Python", 0, 0, 0, 0, 0, 0, 0, 0, 0, 0, 1, 1
"c:\Users\ludok\Documents\ETS\Été2025\LOG430 - Architecture logicielle\LOG430-Lab0\presentation_layer\main.py", "Python", 32, 0, 0, 0, 0, 0, 0, 0, 0, 2, 9, 43
"c:\Users\ludok\Documents\ETS\Été2025\LOG430 - Architecture logicielle\LOG430-Lab0\prometheus\prometheus.yml", "YAML", 0, 0, 0, 0, 15, 0, 0, 0, 0, 0, 4, 19
"c:\Users\ludok\Documents\ETS\Été2025\LOG430 - Architecture logicielle\LOG430-Lab0\rapport.md", "Markdown", 0, 0, 192, 0, 0, 0, 0, 0, 0, 0, 111, 303
"c:\Users\ludok\Documents\ETS\Été2025\LOG430 - Architecture logicielle\LOG430-Lab0\requirements.txt", "pip requirements", 0, 79, 0, 0, 0, 0, 0, 0, 0, 0, 0, 79
"c:\Users\ludok\Documents\ETS\Été2025\LOG430 - Architecture logicielle\LOG430-Lab0\service_layer\__init__.py", "Python", 0, 0, 0, 0, 0, 0, 0, 0, 0, 0, 1, 1
"c:\Users\ludok\Documents\ETS\Été2025\LOG430 - Architecture logicielle\LOG430-Lab0\service_layer\reporting_service.py", "Python", 120, 0, 0, 0, 0, 0, 0, 0, 0, 9, 25, 154
"c:\Users\ludok\Documents\ETS\Été2025\LOG430 - Architecture logicielle\LOG430-Lab0\service_layer\restock_service.py", "Python", 47, 0, 0, 0, 0, 0, 0, 0, 0, 18, 14, 79
"c:\Users\ludok\Documents\ETS\Été2025\LOG430 - Architecture logicielle\LOG430-Lab0\service_layer\stock_service.py", "Python", 58, 0, 0, 0, 0, 0, 0, 0, 0, 8, 18, 84
"c:\Users\ludok\Documents\ETS\Été2025\LOG430 - Architecture logicielle\LOG430-Lab0\tests\__init__.py", "Python", 0, 0, 0, 0, 0, 0, 0, 0, 0, 0, 1, 1
"c:\Users\ludok\Documents\ETS\Été2025\LOG430 - Architecture logicielle\LOG430-Lab0\tests\test_dao.py", "Python", 47, 0, 0, 0, 0, 0, 0, 0, 0, 7, 14, 68
"c:\Users\ludok\Documents\ETS\Été2025\LOG430 - Architecture logicielle\LOG430-Lab0\tests\test_endpoints.py", "Python", 46, 0, 0, 0, 0, 0, 0, 0, 0, 12, 16, 74
"c:\Users\ludok\Documents\ETS\Été2025\LOG430 - Architecture logicielle\LOG430-Lab0\tests\test_reporting_service.py", "Python", 45, 0, 0, 0, 0, 0, 0, 0, 0, 8, 13, 66
"c:\Users\ludok\Documents\ETS\Été2025\LOG430 - Architecture logicielle\LOG430-Lab0\tests\test_restock_service.py", "Python", 39, 0, 0, 0, 0, 0, 0, 0, 0, 6, 11, 56
"c:\Users\ludok\Documents\ETS\Été2025\LOG430 - Architecture logicielle\LOG430-Lab0\tests\test_stock_service.py", "Python", 42, 0, 0, 0, 0, 0, 0, 0, 0, 10, 15, 67
"Total", "-", 778, 79, 425, 120, 145, 20, 9, 24, 200, 193, 603, 2596